2013-02-12T14:11:27.7535527,1899.51,160.394,805.1,289.997,Participant01
2013-02-12T14:11:28.7676112,1894.13,160.394,804.507,238.118,Participant01
2013-02-12T14:11:29.7816697,1890.11,160.369,800.996,227.868,Participant01
2013-02-12T14:11:30.7957282,1885.67,160.369,796.975,227.868,Participant01
2013-02-12T14:11:31.8097867,1881.95,160.369,793.613,227.868,Participant01
2013-02-12T14:11:32.8238452,1877.6,160.369,790.542,248.08,Participant01
2013-02-12T14:11:33.8379037,1872.09,160.369,788.324,248.08,Participant01
2013-02-12T14:11:34.8519622,1867.66,160.369,785.238,231.42,Participant01
2013-02-12T14:11:35.8660207,1863.71,160.405,782.086,231.42,Participant01
2013-02-12T14:11:36.8800792,1859.22,160.405,778.509,231.42,Participant01
2013-02-12T14:11:37.8941377,1854.99,160.405,775.131,231.42,Participant01
2013-02-12T14:11:38.9081962,1850.69,160.403,771.703,231.42,Participant01
2013-02-12T14:11:39.9222547,1846.47,160.369,768.332,231.42,Participant01
2013-02-12T14:11:40.9363132,1842.6,160.369,764.436,229.282,Participant01
2013-02-12T14:11:41.9503717,1838.27,160.369,760.716,229.282,Participant01
2013-02-12T14:11:42.9644302,1834.41,160.369,756.791,221.473,Participant01
2013-02-12T14:11:43.9784887,1831.15,160.369,752.955,213.564,Participant01
2013-02-12T14:12:21.5142541,1182.82,18.2126,1876.23,90.0002,Participant01
2013-02-12T14:12:22.5283126,1183.17,18.2126,1876.23,90.0009,Participant01
2013-02-12T14:12:23.5423711,1183.17,18.2126,1876.23,90.0011,Participant01
2013-02-12T14:12:24.5564296,1183.17,18.2126,1876.23,90.0011,Participant01
2013-02-12T14:12:25.5704881,1183.17,18.2126,1876.23,90.0011,Participant01
2013-02-12T14:12:26.5845466,1183.17,18.2126,1876.23,90.0011,Participant01
2013-02-12T14:12:27.5986051,1183.17,18.2126,1876.23,90.0011,Participant01
2013-02-12T14:12:28.6126636,1183.17,18.2126,1876.23,90.0011,Participant01
2013-02-12T14:12:29.6267221,1183.17,18.2126,1876.23,90.0011,Participant01
2013-02-12T14:12:30.6407806,1183.17,18.2126,1876.23,90.0011,Participant01
2013-02-12T14:12:31.6548391,1183.17,18.2126,1876.23,90.0011,Participant01
2013-02-12T14:12:32.6688976,1183.17,18.2126,1876.23,57.5976,Participant01
2013-02-12T14:12:33.6829561,1183.17,18.2126,1876.23,23.4402,Participant01
2013-02-12T14:12:34.6970146,1183.17,18.2126,1876.23,4.52857,Participant01
2013-02-12T14:12:35.7110731,1183.17,18.2126,1876.23,317.424,Participant01
2013-02-12T14:12:36.7251316,1183.17,18.2126,1876.23,265.369,Participant01
2013-02-12T14:12:37.7391901,1183.17,18.2126,1876.23,214.398,Participant01
2013-02-12T14:12:38.7532486,1183.17,18.2126,1876.22,177.973,Participant01
2013-02-12T14:12:39.7673071,1183.23,18.2126,1874.56,177.973,Participant01
2013-02-12T14:12:40.7813656,1183.38,18.2126,1870.13,177.973,Participant01
2013-02-12T14:12:41.7954241,1183.58,18.2126,1864.73,177.973,Participant01
2013-02-12T14:12:42.8094826,1183.77,18.2126,1859.23,177.973,Participant01
2013-02-12T14:12:43.8235411,1183.96,18.2126,1853.73,177.973,Participant01
2013-02-12T14:12:44.8375996,1184.15,18.2126,1848.56,177.973,Participant01
2013-02-12T14:12:45.8516581,1184.35,17.9943,1842.84,177.973,Participant01
2013-02-12T14:12:46.8657166,1184.22,17.9945,1837.26,191.523,Participant01
2013-02-12T14:12:47.8797751,1183.11,18.0328,1831.83,191.525,Participant01
2013-02-12T14:12:48.8938336,1182.07,18.1599,1826.75,191.525,Participant01
2013-02-12T14:12:49.9078921,1179.95,18.3611,1821.86,211.134,Participant01
2013-02-12T14:12:50.9219506,1176.1,18.6572,1817.21,236.102,Participant01
2013-02-12T14:12:51.9360091,1171.16,18.8638,1816.16,286.251,Participant01
2013-02-12T14:12:52.9500676,1169.48,19.0321,1814.75,280.482,Participant01
2013-02-12T14:12:53.9641261,1166.26,19.4038,1812.12,235.557,Participant01
2013-02-12T14:12:54.9781846,1163.62,20.0217,1806.84,178.567,Participant01
2013-02-12T14:12:55.9922431,1164.44,20.4806,1801.38,171.008,Participant01
2013-02-12T14:12:57.0063016,1165.27,20.9153,1796.11,171.008,Participant01
2013-02-12T14:12:58.0203601,1164.67,21.3129,1792.52,180.662,Participant01
2013-02-12T14:12:59.0344186,1160.73,22.0331,1789.22,234.602,Participant01
2013-02-12T14:13:00.0484771,1156.43,22.6952,1786.69,239.816,Participant01
2013-02-12T14:13:01.0625356,1151.42,23.3965,1783.78,239.816,Participant01
2013-02-12T14:13:02.0765941,1147.04,23.8876,1781.23,239.816,Participant01
2013-02-12T14:13:03.0906526,1141.99,24.2502,1779.61,258.363,Participant01
2013-02-12T14:13:04.1047111,1136.41,24.5115,1778.72,265.2,Participant01
2013-02-12T14:13:05.1187696,1130.65,24.672,1778.21,264.736,Participant01
2013-02-12T14:13:06.1328281,1125.43,24.7796,1777.78,265.932,Participant01
2013-02-12T14:13:07.1468866,1120.88,24.8367,1777.5,266.347,Participant01
2013-02-12T14:13:08.1609451,1115.33,24.8666,1777.16,266.174,Participant01
2013-02-12T14:13:09.1750036,1110.19,24.8241,1776.75,265.924,Participant01
2013-02-12T14:13:10.1890621,1105.06,24.794,1776.43,266.198,Participant01
2013-02-12T14:13:11.2031206,1099.85,24.794,1776.67,276.91,Participant01
2013-02-12T14:13:12.2171791,1094.59,24.794,1777.34,277.437,Participant01
2013-02-12T14:13:13.2312376,1091.87,24.794,1777.52,264.836,Participant01
2013-02-12T14:13:14.2452961,1088.07,24.794,1777.16,264.322,Participant01
2013-02-12T14:13:15.2593546,1084.2,24.794,1777.04,270.58,Participant01
2013-02-12T14:13:16.2734131,1080.77,24.794,1776.98,268.851,Participant01
2013-02-12T14:13:17.2874716,1076.3,24.794,1776.84,266.79,Participant01
2013-02-12T14:13:18.3015301,1069.49,25.2723,1776.39,264.835,Participant01
2013-02-12T14:13:19.3155886,1065.1,25.3722,1776.08,267.857,Participant01
2013-02-12T14:13:20.3296471,1060.95,25.3722,1775.89,267.642,Participant01
2013-02-12T14:13:21.3437056,1054.09,25.3722,1775.6,266.676,Participant01
2013-02-12T14:13:22.3577641,1046.93,25.3722,1775.55,271.308,Participant01
2013-02-12T14:13:23.3718226,1043.58,25.3722,1775.56,268.297,Participant01
2013-02-12T14:13:24.3858811,1037.65,25.3722,1775.3,268.748,Participant01
2013-02-12T14:13:25.3999396,1033.75,25.3722,1775.18,267.742,Participant01
2013-02-12T14:13:26.4139981,1028.26,25.3722,1773.99,240.245,Participant01
2013-02-12T14:13:27.4280566,1024.66,25.3722,1771.07,229.58,Participant01
2013-02-12T14:13:28.4421151,1020.62,25.3722,1767.54,219.876,Participant01
2013-02-12T14:13:29.4561736,1017.48,25.3722,1762.97,214.275,Participant01
2013-02-12T14:13:30.4702321,1014.38,25.3722,1758.42,214.275,Participant01
2013-02-12T14:13:31.4842906,1010.84,25.3722,1753.96,222.541,Participant01
2013-02-12T14:13:32.4983491,1007.08,25.3722,1750.23,227.094,Participant01
2013-02-12T14:13:33.5124076,1006.21,27.1211,1745.2,195.237,Participant01
2013-02-12T14:13:34.5264661,1006.35,30.7528,1739.93,183.416,Participant01
2013-02-12T14:13:35.5405246,1006.36,31.9341,1734.51,183.416,Participant01
2013-02-12T14:13:36.5545831,1006.24,32.0353,1728.95,173.9,Participant01
2013-02-12T14:13:37.5686416,1006.02,32.1346,1723.43,186.555,Participant01
2013-02-12T14:13:38.5827001,1005.41,32.225,1718.17,186.556,Participant01
2013-02-12T14:13:39.5967586,1004.71,32.3134,1712.95,197.011,Participant01
2013-02-12T14:13:40.6108171,1000.92,33.5054,1691.59,184.555,Participant01
2013-02-12T14:13:41.6248756,1000.92,33.5054,1691.59,184.555,Participant01
2013-02-12T14:13:42.6389341,1000.92,33.5054,1691.59,184.555,Participant01
2013-02-12T14:13:43.6529926,1000.92,33.5054,1691.59,184.555,Participant01
2013-02-12T14:13:44.6670511,1000.92,33.5054,1691.59,184.555,Participant01
2013-02-12T14:13:45.6811096,1000.92,33.5054,1691.59,184.555,Participant01
2013-02-12T14:13:46.6951681,1000.92,33.5054,1691.59,184.555,Participant01
2013-02-12T14:13:47.7092266,1000.92,33.5054,1691.59,184.555,Participant01
2013-02-12T14:13:48.7232851,1000.92,33.5054,1691.59,184.555,Participant01
2013-02-12T14:13:49.7373436,1000.92,33.5054,1691.59,184.555,Participant01
2013-02-12T14:13:50.7514021,1000.92,33.5054,1691.59,184.555,Participant01
2013-02-12T14:13:51.7654606,1000.92,33.5054,1691.59,184.555,Participant01
2013-02-12T14:13:52.7795191,1000.92,33.5054,1691.59,184.555,Participant01
2013-02-12T14:13:53.7935776,1000.92,33.5054,1691.59,184.555,Participant01
2013-02-12T14:13:54.8076361,1000.92,33.5054,1691.59,184.555,Participant01
2013-02-12T14:13:55.8216946,1000.92,33.5054,1691.59,184.555,Participant01
2013-02-12T14:13:56.8357531,1000.92,33.5054,1691.59,184.555,Participant01
2013-02-12T14:13:57.8498116,1000.92,33.5054,1691.59,184.555,Participant01
2013-02-12T14:13:58.8638701,1000.92,33.5054,1691.59,184.555,Participant01
2013-02-12T14:13:59.8779286,1000.92,33.5054,1691.59,184.555,Participant01
2013-02-12T14:14:00.8919871,1000.92,33.5054,1691.59,184.555,Participant01
2013-02-12T14:14:01.9060456,1000.92,33.5054,1691.59,184.555,Participant01
2013-02-12T14:14:02.9201041,1000.92,33.5054,1691.59,184.555,Participant01
2013-02-12T14:14:03.9341626,1000.92,33.5054,1691.59,184.555,Participant01
2013-02-12T14:14:04.9482211,1000.92,33.5054,1691.59,184.555,Participant01
2013-02-12T14:14:05.9622796,1000.92,33.5054,1691.59,184.555,Participant01
2013-02-12T14:14:06.9763381,1000.92,33.5054,1691.59,184.555,Participant01
2013-02-12T14:14:07.9903966,1000.92,33.5054,1691.59,184.555,Participant01
2013-02-12T14:14:09.0044551,1000.92,33.5054,1691.59,184.555,Participant01
2013-02-12T14:14:10.0185136,1000.92,33.5054,1691.59,184.555,Participant01
2013-02-12T14:14:11.0325721,1000.92,33.5054,1691.59,184.555,Participant01
2013-02-12T14:14:12.0466306,1000.92,33.5054,1691.59,184.555,Participant01
2013-02-12T14:14:13.0606891,1000.92,33.5054,1691.59,184.555,Participant01
2013-02-12T14:14:14.0747476,1000.92,33.5054,1691.59,184.555,Participant01
2013-02-12T14:14:15.0888061,1000.92,33.5054,1691.59,184.555,Participant01
2013-02-12T14:14:16.1028646,1000.92,33.5054,1691.59,184.555,Participant01
2013-02-12T14:14:17.1169231,1000.92,33.5054,1691.59,184.555,Participant01
2013-02-12T14:14:18.1309816,1000.92,33.5054,1691.59,184.555,Participant01
2013-02-12T14:14:19.1450401,1000.92,33.5054,1691.59,184.555,Participant01
2013-02-12T14:14:20.1590986,1000.92,33.5054,1691.59,184.555,Participant01
2013-02-12T14:14:21.1731571,1000.92,33.5054,1691.59,184.555,Participant01
2013-02-12T14:14:22.1872156,1000.92,33.5054,1691.59,184.555,Participant01
2013-02-12T14:14:23.2012741,1000.92,33.5054,1691.59,184.555,Participant01
2013-02-12T14:14:24.2153326,1000.92,33.5054,1691.59,184.555,Participant01
2013-02-12T14:14:25.2293911,1000.92,33.5054,1691.59,184.555,Participant01
2013-02-12T14:14:26.2434496,1000.92,33.5054,1691.59,184.555,Participant01
2013-02-12T14:14:27.2575081,1000.92,33.5054,1691.59,184.555,Participant01
2013-02-12T14:14:28.2715666,1000.92,33.5054,1691.59,184.555,Participant01
2013-02-12T14:14:29.2856251,1000.92,33.5054,1691.59,184.555,Participant01
2013-02-12T14:14:30.2996836,1000.92,33.5054,1691.59,184.555,Participant01
2013-02-12T14:14:31.3137421,1000.92,33.5054,1691.59,184.555,Participant01
2013-02-12T14:14:32.3278006,1000.92,33.5054,1691.59,184.555,Participant01
2013-02-12T14:14:33.3418591,1000.92,33.5054,1691.59,184.555,Participant01
2013-02-12T14:14:34.3559176,1000.92,33.5054,1691.59,184.555,Participant01
2013-02-12T14:14:35.3699761,1000.92,33.5054,1691.59,184.555,Participant01
2013-02-12T14:14:36.3840346,1000.92,33.5054,1691.59,184.555,Participant01
2013-02-12T14:14:37.3980931,1000.92,33.5054,1691.59,184.555,Participant01
2013-02-12T14:14:38.4121516,1000.92,33.5054,1691.59,184.555,Participant01
2013-02-12T14:14:39.4262101,1000.92,33.5054,1691.59,184.555,Participant01
2013-02-12T14:14:40.4402686,1000.92,33.5054,1691.59,184.555,Participant01
2013-02-12T14:14:41.4543271,1000.92,33.5054,1691.59,184.555,Participant01
2013-02-12T14:14:42.4683856,1000.92,33.5054,1691.59,184.555,Participant01
2013-02-12T14:14:43.4824441,1000.92,33.5054,1691.59,184.555,Participant01
2013-02-12T14:14:44.4965026,1000.92,33.5054,1691.59,184.555,Participant01
2013-02-12T14:14:45.5105611,1000.92,33.5054,1691.59,184.555,Participant01
2013-02-12T14:14:46.5246196,1000.92,33.5054,1691.59,184.555,Participant01
2013-02-12T14:14:47.5386781,1000.92,33.5054,1691.59,184.555,Participant01
2013-02-12T14:14:48.5527366,1000.92,33.5054,1691.59,184.555,Participant01
2013-02-12T14:14:49.5667951,1000.92,33.5054,1691.59,184.555,Participant01
2013-02-12T14:14:50.5808536,1000.92,33.5054,1691.59,184.555,Participant01
2013-02-12T14:14:51.5949121,1000.92,33.5054,1691.59,184.555,Participant01
2013-02-12T14:14:52.6089706,1000.92,33.5054,1691.59,184.555,Participant01
2013-02-12T14:14:53.6230291,1000.92,33.5054,1691.59,184.555,Participant01
2013-02-12T14:14:54.6370876,1000.92,33.5054,1691.59,184.555,Participant01
2013-02-12T14:14:55.6511461,1000.92,33.5054,1691.59,184.555,Participant01
2013-02-12T14:14:56.6652046,1000.92,33.5054,1691.59,184.555,Participant01
2013-02-12T14:14:57.6792631,1000.92,33.5054,1691.59,184.555,Participant01
2013-02-12T14:14:58.6933216,1000.92,33.5054,1691.59,184.555,Participant01
2013-02-12T14:14:59.7073801,1000.92,33.5054,1691.59,184.555,Participant01
2013-02-12T14:15:00.7214386,1000.92,33.5054,1691.59,184.555,Participant01
2013-02-12T14:15:01.7354971,1000.92,33.5054,1691.59,184.555,Participant01
2013-02-12T14:15:02.7495556,1000.92,33.5054,1691.59,184.555,Participant01
2013-02-12T14:15:03.7636141,1000.92,33.5054,1691.59,184.555,Participant01
2013-02-12T14:15:04.7776726,1000.92,33.5054,1691.59,184.555,Participant01
2013-02-12T14:15:05.7917311,1000.92,33.5054,1691.59,184.555,Participant01
2013-02-12T14:15:06.8057896,1000.92,33.5054,1691.59,184.555,Participant01
2013-02-12T14:15:07.8198481,1000.92,33.5054,1691.59,184.555,Participant01
2013-02-12T14:15:08.8339066,1000.92,33.5054,1691.59,184.555,Participant01
2013-02-12T14:15:09.8479651,1000.92,33.5054,1691.59,184.555,Participant01
2013-02-12T14:15:10.8620236,1000.92,33.5054,1691.59,184.555,Participant01
2013-02-12T14:15:11.8760821,1000.92,33.5054,1691.59,184.555,Participant01
2013-02-12T14:15:12.8901406,1000.92,33.5054,1691.59,184.555,Participant01
2013-02-12T14:15:13.9041991,1000.92,33.5054,1691.59,184.555,Participant01
2013-02-12T14:15:14.9182576,1000.92,33.5054,1691.59,184.555,Participant01
2013-02-12T14:15:15.9323161,1000.92,33.5054,1691.59,184.555,Participant01
2013-02-12T14:15:16.9463746,1000.92,33.5054,1691.59,184.555,Participant01
2013-02-12T14:15:17.9604331,1000.92,33.5054,1691.59,184.555,Participant01
2013-02-12T14:15:18.9744916,1000.92,33.5054,1691.59,184.555,Participant01
2013-02-12T14:15:19.9885501,1000.92,33.5054,1691.59,184.555,Participant01
2013-02-12T14:15:21.0026086,1000.92,33.5054,1691.59,184.555,Participant01
2013-02-12T14:15:22.0166671,1000.92,33.5054,1691.59,184.555,Participant01
2013-02-12T14:15:23.0307256,1000.92,33.5054,1691.59,184.555,Participant01
2013-02-12T14:15:24.0447841,1000.92,33.5054,1691.59,184.555,Participant01
2013-02-12T14:15:25.0588426,1000.92,33.5054,1691.59,184.555,Participant01
2013-02-12T14:15:26.0729011,1000.92,33.5054,1691.59,184.555,Participant01
2013-02-12T14:15:27.0869596,1000.92,33.5054,1691.59,184.555,Participant01
2013-02-12T14:15:28.1010181,1000.92,33.5054,1691.59,184.555,Participant01
2013-02-12T14:15:29.1150766,1000.92,33.5054,1691.59,184.555,Participant01
2013-02-12T14:15:30.1291351,1000.92,33.5054,1691.59,184.555,Participant01
2013-02-12T14:15:31.1431936,1000.92,33.5054,1691.59,184.555,Participant01
2013-02-12T14:15:32.1572521,1000.92,33.5054,1691.59,184.555,Participant01
2013-02-12T14:15:33.1713106,1000.92,33.5054,1691.59,184.555,Participant01
2013-02-12T14:15:34.1853691,1000.92,33.5054,1691.59,184.555,Participant01
2013-02-12T14:15:35.1994276,1000.92,33.5054,1691.59,184.555,Participant01
2013-02-12T14:15:36.2134861,1000.92,33.5054,1691.59,184.555,Participant01
2013-02-12T14:15:37.2275446,1000.92,33.5054,1691.59,184.555,Participant01
2013-02-12T14:15:38.2416031,1000.92,33.5054,1691.59,184.555,Participant01
2013-02-12T14:15:39.2556616,1000.92,33.5054,1691.59,184.555,Participant01
2013-02-12T14:15:40.2697201,1000.92,33.5054,1691.59,184.555,Participant01
2013-02-12T14:15:41.2837786,1000.92,33.5054,1691.59,184.555,Participant01
2013-02-12T14:15:42.2978371,1000.92,33.5054,1691.59,184.555,Participant01
2013-02-12T14:15:43.3118956,1000.92,33.5054,1691.59,184.555,Participant01
2013-02-12T14:15:44.3259541,1000.92,33.5054,1691.59,184.555,Participant01
2013-02-12T14:15:45.3400126,1000.92,33.5054,1691.59,184.555,Participant01
2013-02-12T14:15:46.3540711,1000.92,33.5054,1691.59,184.555,Participant01
2013-02-12T14:15:47.3681296,1000.92,33.5054,1691.59,184.555,Participant01
2013-02-12T14:15:48.3821881,1000.92,33.5054,1691.59,184.555,Participant01
2013-02-12T14:15:49.3962466,1000.92,33.5054,1691.59,184.555,Participant01
2013-02-12T14:15:50.4103051,1000.92,33.5054,1691.59,184.555,Participant01
2013-02-12T14:15:51.4243636,1000.92,33.5054,1691.59,184.555,Participant01
2013-02-12T14:15:52.4384221,1000.92,33.5054,1691.59,184.555,Participant01
2013-02-12T14:15:53.4524806,1000.92,33.5054,1691.59,184.555,Participant01
2013-02-12T14:15:54.4665391,1000.92,33.5054,1691.59,184.555,Participant01
2013-02-12T14:15:55.4805976,1000.92,33.5054,1691.59,184.555,Participant01
2013-02-12T14:15:56.4946561,1000.92,33.5054,1691.59,184.555,Participant01
2013-02-12T14:15:57.5087146,1000.92,33.5054,1691.59,184.555,Participant01
2013-02-12T14:15:58.5227731,1000.92,33.5054,1691.59,184.555,Participant01
2013-02-12T14:15:59.5368316,1000.92,33.5054,1691.59,184.555,Participant01
2013-02-12T14:16:00.5508901,1000.92,33.5054,1691.59,184.555,Participant01
2013-02-12T14:16:01.5649486,1000.92,33.5054,1691.59,184.555,Participant01
2013-02-12T14:16:02.5790071,1000.92,33.5054,1691.59,184.555,Participant01
2013-02-12T14:16:03.5930656,1000.92,33.5054,1691.59,184.555,Participant01
2013-02-12T14:16:04.6071241,1000.92,33.5054,1691.59,184.555,Participant01
2013-02-12T14:16:05.6211826,1000.92,33.5054,1691.59,184.555,Participant01
2013-02-12T14:16:06.6352411,1000.92,33.5054,1691.59,184.555,Participant01
2013-02-12T14:16:07.6492996,1000.92,33.5054,1691.59,184.555,Participant01
2013-02-12T14:16:08.6633581,1000.92,33.5054,1691.59,184.555,Participant01
2013-02-12T14:16:09.6774166,1000.92,33.5054,1691.59,184.555,Participant01
2013-02-12T14:16:10.6914751,1000.92,33.5054,1691.59,184.555,Participant01
2013-02-12T14:16:11.7055336,1000.92,33.5054,1691.59,184.555,Participant01
2013-02-12T14:16:12.7195921,1000.92,33.5054,1691.59,184.555,Participant01
2013-02-12T14:16:13.7336506,1000.92,33.5054,1691.59,184.555,Participant01
2013-02-12T14:16:14.7477091,1000.92,33.5054,1691.59,184.555,Participant01
2013-02-12T14:16:15.7617676,1000.92,33.5054,1691.59,184.555,Participant01
2013-02-12T14:16:16.7758261,1000.92,33.5054,1691.59,184.555,Participant01
2013-02-12T14:16:17.7898846,1000.92,33.5054,1691.59,184.555,Participant01
2013-02-12T14:16:18.8039431,1000.92,33.5054,1691.59,184.555,Participant01
2013-02-12T14:16:19.8180016,1000.92,33.5054,1691.59,184.555,Participant01
2013-02-12T14:16:20.8320601,1000.92,33.5054,1691.59,184.555,Participant01
2013-02-12T14:16:21.8461186,1000.92,33.5054,1691.59,184.555,Participant01
2013-02-12T14:16:22.8601771,1000.92,33.5054,1691.59,184.555,Participant01
2013-02-12T14:16:23.8742356,1000.92,33.5054,1691.59,184.555,Participant01
2013-02-12T14:16:24.8882941,1000.92,33.5054,1691.59,184.555,Participant01
2013-02-12T14:16:25.9023526,1000.92,33.5054,1691.59,184.555,Participant01
2013-02-12T14:16:26.9164111,1000.92,33.5054,1691.59,184.555,Participant01
2013-02-12T14:16:27.9304696,1000.92,33.5054,1691.59,184.555,Participant01
2013-02-12T14:16:28.9445281,1000.92,33.5054,1691.59,184.555,Participant01
2013-02-12T14:16:29.9585866,1000.92,33.5054,1691.59,184.555,Participant01
2013-02-12T14:16:30.9726451,1000.92,33.5054,1691.59,184.555,Participant01
2013-02-12T14:16:31.9867036,1000.92,33.5054,1691.59,184.555,Participant01
2013-02-12T14:16:33.0007621,1000.96,33.5156,1690.14,184.584,Participant01
2013-02-12T14:16:34.0148206,1001.07,33.5414,1685.85,184.673,Participant01
2013-02-12T14:16:35.0288791,1001.23,33.6134,1679.3,184.809,Participant01
2013-02-12T14:16:36.0429376,1001.38,33.9518,1669.68,185.001,Participant01
2013-02-12T14:16:37.0569961,1001.59,34.4846,1656.93,185.158,Participant01
2013-02-12T14:16:38.0710546,1001.82,35.8158,1641.04,185.283,Participant01
2013-02-12T14:16:39.0851131,1002.05,37.3852,1625.82,185.263,Participant01
2013-02-12T14:16:40.0991716,1002.36,39.8043,1606.69,185.195,Participant01
2013-02-12T14:16:41.1132301,1002.91,43.3122,1582.74,184.803,Participant01
2013-02-12T14:16:42.1272886,1003.9,46.6701,1559.93,182.806,Participant01
2013-02-12T14:16:43.1413471,1008.72,50.6928,1535.82,171.281,Participant01
2013-02-12T14:16:44.1554056,1020.51,54.5479,1513.03,155.121,Participant01
2013-02-12T14:16:45.1694641,1039.89,58.0196,1487.36,147.588,Participant01
2013-02-12T14:16:46.1835226,1060.29,58.624,1465.01,143.139,Participant01
2013-02-12T14:16:47.1975811,1082.55,58.4671,1443.26,139.445,Participant01
2013-02-12T14:16:48.2116396,1107.27,58.4713,1421.49,136.042,Participant01
2013-02-12T14:16:49.2256981,1133.55,58.7076,1400.74,133.955,Participant01
2013-02-12T14:16:50.2397566,1163.03,60.0563,1379.27,131.244,Participant01
2013-02-12T14:16:51.2538151,1192.85,62.65,1360.4,127.292,Participant01
2013-02-12T14:16:52.2678736,1225.08,66.3476,1342.55,125.129,Participant01
2013-02-12T14:16:53.2819321,1258.46,70.8862,1324.65,124.168,Participant01
2013-02-12T14:16:54.2959906,1291.72,75.5785,1307.09,123.948,Participant01
2013-02-12T14:16:55.3100491,1324.09,79.9323,1290.06,123.873,Participant01
2013-02-12T14:16:56.3241076,1356.99,84.6244,1272.78,123.849,Participant01
2013-02-12T14:16:57.3381661,1390.84,89.5206,1255.01,123.852,Participant01
2013-02-12T14:16:58.3522246,1424.77,94.453,1237.18,123.862,Participant01
2013-02-12T14:16:59.3662831,1457.04,99.16,1220.23,123.881,Participant01
2013-02-12T14:17:00.3803416,1489.84,103.973,1202.99,123.927,Participant01
2013-02-12T14:17:01.3944001,1523.6,109.152,1185.18,123.996,Participant01
2013-02-12T14:17:02.4084586,1554.5,114.008,1168.84,124.121,Participant01
2013-02-12T14:17:03.4225171,1586.57,119.736,1151.71,124.331,Participant01
2013-02-12T14:17:04.4365756,1616.56,125.41,1135.61,124.541,Participant01
2013-02-12T14:17:05.4506341,1649.83,132.467,1117.51,124.745,Participant01
2013-02-12T14:17:06.4646926,1675.98,138.05,1103.26,124.935,Participant01
2013-02-12T14:17:07.4787511,1704.35,144.434,1087.58,125.179,Participant01
2013-02-12T14:17:08.4928096,1729.77,150.169,1073.48,125.222,Participant01
2013-02-12T14:17:09.5068681,1755.57,155.803,1059.15,125.274,Participant01
2013-02-12T14:17:10.5209266,1781.04,161.256,1045.11,125.43,Participant01
2013-02-12T14:17:11.5349851,1800.45,165.38,1030.42,141.567,Participant01
2013-02-12T14:17:12.5490436,1812.28,167.449,1007.63,164.998,Participant01
2013-02-12T14:17:13.5631021,1816.35,167.799,986.698,175.955,Participant01
2013-02-12T14:17:14.5771606,1818.74,168.031,964.922,181.916,Participant01
2013-02-12T14:17:15.5912191,1818.66,167.996,947.593,186.809,Participant01
2013-02-12T14:17:16.6052776,1818.25,167.941,931.881,187.154,Participant01
2013-02-12T14:17:17.6193361,1818.01,167.97,917.597,187.052,Participant01
2013-02-12T14:17:18.6333946,1817.85,168.063,906.011,186.924,Participant01
2013-02-12T14:17:19.6474531,1817.74,168.181,897.245,186.839,Participant01
2013-02-12T14:17:20.6615116,1817.67,168.26,891.839,186.842,Participant01
2013-02-12T14:17:21.6755701,1817.63,168.297,888.955,186.894,Participant01
2013-02-12T14:17:22.6896286,1827.01,160.369,787.091,58.2697,Participant01
2013-02-12T14:17:23.7036871,1826.9,160.369,787.025,58.2697,Participant01
2013-02-12T14:17:24.7177456,1827.75,160.369,787.548,58.2697,Participant01
2013-02-12T14:17:25.7318041,1830.78,160.369,789.423,58.2697,Participant01
2013-02-12T14:17:26.7458626,1835.62,160.369,792.413,58.2697,Participant01
2013-02-12T14:17:27.7599211,1840.36,160.369,795.347,58.2697,Participant01
2013-02-12T14:17:28.7739796,1843.9,160.369,796.654,74.2167,Participant01
2013-02-12T14:17:29.7880381,1844.13,160.369,796.72,74.2167,Participant01
2013-02-12T14:17:30.8020966,1846.59,160.369,797.414,74.2167,Participant01
2013-02-12T14:17:31.8161551,1848.62,160.406,797.991,74.2167,Participant01
2013-02-12T14:17:32.8302136,1849.45,160.406,798.225,74.2167,Participant01
2013-02-12T14:17:33.8442721,1851.07,160.406,798.675,61.8132,Participant01
2013-02-12T14:17:34.8583306,1851.63,160.406,799.004,59.8132,Participant01
2013-02-12T14:17:35.8723891,1854.79,160.406,800.841,59.8132,Participant01
2013-02-12T14:17:36.8864476,1857.79,160.406,802.585,59.8132,Participant01
2013-02-12T14:17:37.9005061,1860.9,160.406,804.397,59.8132,Participant01
2013-02-12T14:17:38.9145646,1861.75,160.406,804.891,59.8132,Participant01
2013-02-12T14:17:39.9286231,1864.64,160.406,806.572,59.8132,Participant01
2013-02-12T14:17:40.9426816,1869.83,160.369,809.574,63.5738,Participant01
2013-02-12T14:17:41.9567401,1874.48,160.369,811.302,70.0245,Participant01
2013-02-12T14:17:42.9707986,1879.84,160.369,813.248,70.0245,Participant01
2013-02-12T14:17:43.9848571,1884.99,160.369,815.121,69.421,Participant01
2013-02-12T14:17:44.9989156,1888.92,160.369,817.553,41.7799,Participant01
2013-02-12T14:17:46.0129741,1890.3,160.369,822.853,347.905,Participant01
2013-02-12T14:17:47.0270326,1887.1,160.369,826.957,296.968,Participant01
2013-02-12T14:17:48.0410911,1881.98,160.369,827.106,246.785,Participant01
2013-02-12T14:17:49.0551496,1878.56,160.369,823.197,195.939,Participant01
2013-02-12T14:17:50.0692081,1879.42,160.369,818.112,145.45,Participant01
2013-02-12T14:17:51.0832666,1884,160.369,815.527,93.8389,Participant01
2013-02-12T14:17:52.0973251,1889.15,160.369,816.49,76.441,Participant01
2013-02-12T14:17:53.1113836,1894.29,160.394,817.729,76.441,Participant01
2013-02-12T14:17:54.1254421,1899.4,160.394,819.384,76.9939,Participant01
2013-02-12T14:17:55.1395006,1905.05,160.394,820.713,71.9883,Participant01
2013-02-12T14:17:56.1535591,1909.39,160.394,822.861,62.8314,Participant01
2013-02-12T14:17:57.1676176,1914.41,160.394,824.712,72.9117,Participant01
